Workbook

Sheet SUMMARY
A1: FY 2024-25
A2: PARTICULAR | B2: QTY | C2: AMOUNT | D2: RATE PER QTY
A3: OPENING BAL. | B3: 0
A4: PURCHASE | B4: =+'FY 24-25 PURCHASE'!H22 -> 250285 | C4: =+'FY 24-25 PURCHASE'!J22 -> 8736565 | D4: =+C4/B4 -> 34.906467
A5: SALES | B5: =+'FY 24-25 SALES'!H15 -> 60310 | C5: =+'FY 24-25 SALES'!J15 -> 2224642.5 | D5: =+C5/B5 -> 36.886793
A6: PRODUCTION LOSS | B6: 2412
A7: CLOSING BAL. | B7: =+B3+B4-B5-B6 -> 187563 | C7: 6541295 | D7: =+C7/B7 -> 34.875189
A10: FY 2025-26
A11: PARTICULAR | B11: QTY | C11: AMOUNT | D11: RATE PER QTY
A12: OPENING BAL. | B12: =+B7 -> 187563 | C12: =+C7 -> 6541295 | D12: =+C12/B12 -> 34.875189
A13: PURCHASE | B13: =+'FY 2025-26 PURCHASE'!H41 -> 1152808 | C13: =+'FY 2025-26 PURCHASE'!J41 -> 37033172 | D13: =+C13/B13 -> 32.124319
A14: SALES | B14: =+'FY 2025-26 SALES'!H164-2176 -> 1225508 | C14: =+'FY 2025-26 SALES'!J164 -> 43826434 | D14: =+C14/B14 -> 35.761851
A15: PRODUCTION LOSS
A16: CLOSING BAL. | B16: =+B12+B13-B14-B15 -> 114863 | C16: 3908623 | D16: =+C16/B16 -> 34.028564

Sheet FY 2025-26 SALES
A1: PRASMI STEEL PRIVATE LIMITED
A2: PLOT NO. 16, REVENUE SURVEY NO. 270,271
A3: VISHAL INDUSTRIAL, KOTDA SANGANI, PIPLANA, RAJKOT,GUJARAT, 360030
A5: Sales Reg. (Product Detail)
A6: From Date 01/04/2025 To 31/03/2026
A7: Bill Date | B7: Bill No | C7: C/D | D7: Party Name | E7: City Name | F7: Bill Amount | G7: Product Name | H7: Product Qty | I7: Rate | J7: Product Amount
A8: 45748 | B8: PSPL/01/2025-26 | C8: Debit | D8: Kiason Metal Cast Llp | E8: Rajkot | F8: 330537 | G8: CAST IRON (COUNTER WEIGHT SCRAP) | H8: 7530 | I8: 37.2 | J8: 280116
A9: 45771 | B9: PSPL/02/2025-26 | C9: Debit | D9: Kiason Metal Cast Llp | E9: Rajkot | F9: 380800 | G9: CAST IRON (COUNTER WEIGHT SCRAP) | H9: 8560 | I9: 37.7 | J9: 322712
A10: 45778 | B10: PSPL/03/2025-26 | C10: Debit | D10: Madhav Enterprise | E10: Rajkot | F10: 263565 | G10: CAST IRON SCRAP (BHOOKKI) | H10: 6980 | I10: 32 | J10: 223360
A11: 45780 | B11: PSPL/04/2025-26 | C11: Debit | D11: Kiason Metal Cast Private Limited | E11: Rajkot | F11: 470038 | G11: CAST IRON (COUNTER WEIGHT SCRAP) | H11: 10580 | I11: 37.65 | J11: 398337
A12: 45784 | B12: PSPL/05/2025-26 | C12: Debit | D12: Kiason Metal Cast Private Limited | E12: Rajkot | F12: 330537 | G12: CAST IRON (COUNTER WEIGHT SCRAP) | H12: 7530 | I12: 37.2 | J12: 280116
A13: 45785 | B13: PSPL/06/2025-26 | C13: Debit | D13: Madhav Enterprise | E13: Rajkot | F13: 66533 | G13: CAST IRON SCRAP (BHOOKKI) | H13: 1762 | I13: 32 | J13: 56384
A14: 45787 | B14: PSPL/07/2025-26 | C14: Debit | D14: Mahadev Precision Cast Private Limited | E14: Rajkot | F14: 412068 | G14: CAST IRON (COUNTER WEIGHT SCRAP) | H14: 9400 | I14: 37.15 | J14: 349210
A15: 45792 | B15: PSPL/08/2025-26 | C15: Debit | D15: Kiason Metal Cast Private Limited | E15: Rajkot | F15: 413061 | G15: CAST IRON (COUNTER WEIGHT SCRAP) | H15: 9410 | I15: 37.2 | J15: 350052
A16: 45799 | B16: PSPL/09/2025-26 | C16: Debit | D16: Prushti Technocast | E16: Rajkot | F16: 467053 | G16: CAST IRON (COUNTER WEIGHT SCRAP) | H16: 10640 | I16: 37.2 | J16: 395808
A17: 45802 | B17: PSPL/10/2025-26 | C17: Debit | D17: Brahmani Technocast | E17: Rajkot | F17: 367178 | G17: CAST IRON (COUNTER WEIGHT SCRAP) | H17: 8320 | I17: 37.4 | J17: 311168
A18: 45807 | B18: PSPL/11/2025-26 | C18: Debit | D18: Kiason Metal Cast Private Limited | E18: Rajkot | F18: 322636 | G18: CAST IRON (COUNTER WEIGHT SCRAP) | H18: 7350 | I18: 37.2 | J18: 273420
A19: 45807 | B19: PSPL/12/2025-26 | C19: Debit | D19: Micro Metal | E19: Rajkot | F19: 357752 | G19: CAST IRON (COUNTER WEIGHT SCRAP) | H19: 8150 | I19: 37.2 | J19: 303180
... A156: 46112 | B156: PSPL/148/2025-26 | C156: Debit | D156: Asian Casting | E156: Rajkot | F156: 346637 | G156: CAST IRON (COUNTER WEIGHT SCRAP) | H156: 7680 | I156: 38.25 | J156: 293760
E157: Total | F157: 52085425 | H157: 1236138 | J157: 44140188
F159: 330537 | H159: 7530 | J159: 280116
F160: 2307 | H160: 50 | J160: 1955
F161: 37385 | H161: 874 | J161: 31682.5
F162: =SUM(F159:F161) -> 370229 | H162: =SUM(H159:H161) -> 8454 | J162: =SUM(J159:J161) -> 313753.5
F164: =+F157-F162 -> 51715196 | H164: =+H157-H162 -> 1227684 | J164: =+J157-J162 -> 43826434

Sheet FY 2025-26 PURCHASE
A1: PRASMI STEEL PRIVATE LIMITED
A2: PLOT NO. 16, REVENUE SURVEY NO. 270,271
A3: VISHAL INDUSTRIAL, KOTDA SANGANI, PIPLANA, RAJKOT,GUJARAT, 360030
A5: Purchase Reg. (Product Detail)
A6: From Date 01/04/2025 To 31/03/2026
A7: Bill Date | B7: Bill No | C7: C/D | D7: Party Name | E7: City Name | F7: Bill Amount | G7: Product Name | H7: Product Qty | I7: Rate | J7: Product Amount
A8: 45765 | B8: 25013 | C8: Debit | D8: NORTH AMERICAN ENERGY LLC | E8: BOSTON | F8: 3472565 | G8: CAST IRON SCRAP | H8: 88318 | I8: 33.26 | J8: 2937810
A9: 45778 | B9: 25030 | C9: Debit | D9: NORTH AMERICAN ENERGY LLC | E9: BOSTON | F9: 2627602 | G9: CAST IRON SCRAP | H9: 66828 | I9: 33.26 | J9: 2222966.6
A10: 45782 | B10: 25013A | C10: Debit | D10: NORTH AMERICAN ENERGY LLC | E10: BOSTON | F10: 897965 | G10: CAST IRON SCRAP | H10: 22838 | I10: 33.26 | J10: 759683.23
A11: 45790 | B11: 25030 | C11: Debit | D11: NORTH AMERICAN ENERGY LLC | E11: BOSTON | F11: 1800836 | G11: CAST IRON SCRAP | H11: 45980 | I11: 33.26 | J11: 1514431.8
A12: 45849 | B12: 25093 | C12: Debit | D12: NORTH AMERICAN ENERGY LLC | E12: BOSTON | F12: 3156338 | G12: CAST IRON SCRAP | H12: 89273 | I12: 29.91 | J12: 2670280
A13: 45869 | B13: 25088 | C13: Debit | D13: NORTH AMERICAN ENERGY LLC | E13: BOSTON | F13: 801120 | G13: CAST IRON SCRAP | H13: 22265 | I13: 30.29 | J13: 674478.53
A14: 45869 | B14: 25101 | C14: Debit | D14: NORTH AMERICAN ENERGY LLC | E14: BOSTON | F14: 812855 | G14: CAST IRON SCRAP | H14: 22964 | I14: 29.94 | J14: 687679.94
A15: 45870 | B15: 25108 | C15: Debit | D15: NORTH AMERICAN ENERGY LLC | E15: BOSTON | F15: 1562654 | G15: CAST IRON SCRAP | H15: 43829 | I15: 30.16 | J15: 1322014.1
A16: 45879 | B16: 25116 | C16: Debit | D16: NORTH AMERICAN ENERGY LLC | E16: BOSTON | F16: 3289320 | G16: CAST IRON SCRAP | H16: 90254 | I16: 30.83 | J16: 2782783.4
A17: 45885 | B17: 25117 | C17: Debit | D17: NORTH AMERICAN ENERGY LLC | E17: BOSTON | F17: 815497 | G17: CAST IRON SCRAP | H17: 22376 | I17: 30.83 | J17: 689914.91
A18: 45891 | B18: 25118 | C18: Debit | D18: NORTH AMERICAN ENERGY LLC | E18: BOSTON | F18: 837549 | G18: CAST IRON SCRAP | H18: 23298 | I18: 30.41 | J18: 708571.57
A19: 45891 | B19: 25119 | C19: Debit | D19: NORTH AMERICAN ENERGY LLC | E19: BOSTON | F19: 4098717 | G19: CAST IRON SCRAP | H19: 111123 | I19: 31.2 | J19: 3467538.1
... A27: 46080 | B27: GT/189 | C27: Debit | D27: Jalaram Traders | E27: Rajkot | F27: 1127295 | G27: CAST IRON SCRAP | H27: 16950 | I27: 36.9 | J27: 625455
G28: CAST IRON SCRAP | H28: 8410 | I28: 38.1 | J28: 320421
A29: 46083 | B29: RJT/25-26/318 | C29: Debit | D29: S Poddar International (india) Private Limited | E29: Kachchh | F29: 266129 | G29: CAST IRON SCRAP | H29: 5800 | I29: 38.5 | J29: 223300
A30: 46084 | B30: RJT/25-26/319 | C30: Debit | D30: S Poddar International (india) Private Limited | E30: Kachchh | F30: 299023 | G30: CAST IRON SCRAP | H30: 6500 | I30: 38.6 | J30: 250900
A31: 46090 | B31: GT 53 | C31: Debit | D31: JK IMPEX | E31: Rajkot | F31: 1038414 | G31: CAST IRON SCRAP | H31: 25740 | I31: 33.85 | J31: 871299
A32: 46091 | B32: GT/195 | C32: Debit | D32: Jalaram Traders | E32: Rajkot | F32: 456820 | G32: CAST IRON SCRAP | H32: 10290 | I32: 38.5 | J32: 383302.5
A33: 46108 | B33: RJT/25-26/332 | C33: Debit | D33: S Poddar International (india) Private Limited | E33: Kachchh | F33: 271749 | G33: CAST IRON SCRAP | H33: 5630 | I33: 40.5 | J33: 228015
A34: 46108 | B34: RJT/25-26/333 | C34: Debit | D34: S Poddar International (india) Private Limited | E34: Kachchh | F34: 265956 | G34: CAST IRON SCRAP | H34: 5510 | I34: 40.5 | J34: 223155
E35: Total | F35: 43834504 | H35: 1153078 | J35: 37043231
A37: PURCHASE RETURN | F37: 8273 | H37: 190 | J37: 7011
F38: 3597 | H38: 80 | J38: 3048
F39: =SUM(F37:F38) -> 11870 | H39: =SUM(H37:H38) -> 270 | J39: =SUM(J37:J38) -> 10059
F41: =+F35-F39 -> 43822634 | H41: =+H35-H39 -> 1152808 | J41: =+J35-J39 -> 37033172

Sheet FY 24-25 PURCHASE
A1: PRASMI STEEL PRIVATE LIMITED
A2: PLOT NO. 16, REVENUE SURVEY NO. 270,271
A3: VISHAL INDUSTRIAL, KOTDA SANGANI, PIPLANA, RAJKOT,GUJARAT, 360030
A5: Purchase Reg. (Product Detail)
A6: From Date 01/04/2024 To 31/03/2025
A7: Bill Date | B7: Bill No | C7: C/D | D7: Party Name | E7: City Name | F7: Bill Amount | G7: Product Name | H7: Product Qty | I7: Rate | J7: Product Amount
A8: 45584 | B8: GST-292 | C8: Debit | D8: Mahavir Steel | E8: Rajkot | F8: 766528 | G8: WASTE & SCRAPE - MS & CAST IRON | H8: 18560 | I8: 35 | J8: 649600
A9: 45619 | B9: GST-337 | C9: Debit | D9: Mahavir Steel | E9: Rajkot | F9: 706643 | G9: WASTE & SCRAPE - MS & CAST IRON | H9: 17110 | I9: 35 | J9: 598850
A10: 45636 | B10: GST-365 | C10: Debit | D10: Mahavir Steel | E10: Rajkot | F10: 735553 | G10: WASTE & SCRAPE - MS & CAST IRON | H10: 17810 | I10: 35 | J10: 623350
A11: 45664 | B11: GST-427 | C11: Debit | D11: Mahavir Steel | E11: Rajkot | F11: 797297 | G11: WASTE & SCRAPE - MS & CAST IRON | H11: 19305 | I11: 35 | J11: 675675
A12: 45667 | B12: GST-431 | C12: Debit | D12: Mahavir Steel | E12: Rajkot | F12: 937097 | G12: WASTE & SCRAPE - MS & CAST IRON | H12: 22690 | I12: 35 | J12: 794150
A13: 45667 | B13: GST-432 | C13: Debit | D13: Mahavir Steel | E13: Rajkot | F13: 897862 | G13: WASTE & SCRAPE - MS & CAST IRON | H13: 21740 | I13: 35 | J13: 760900
A14: 45680 | B14: GST-454 | C14: Debit | D14: Mahavir Steel | E14: Rajkot | F14: 358691 | G14: WASTE & SCRAPE - MS & CAST IRON | H14: 8685 | I14: 35 | J14: 303975
A15: 45681 | B15: GST-457 | C15: Debit | D15: Mahavir Steel | E15: Rajkot | F15: 321314 | G15: WASTE & SCRAPE - MS & CAST IRON | H15: 7780 | I15: 35 | J15: 272300
A16: 45685 | B16: GST-472 | C16: Debit | D16: Mahavir Steel | E16: Rajkot | F16: 318010 | G16: WASTE & SCRAPE - MS & CAST IRON | H16: 7700 | I16: 35 | J16: 269500
A17: 45702 | B17: GST-500 | C17: Debit | D17: Mahavir Steel | E17: Rajkot | F17: 775408 | G17: WASTE & SCRAPE - MS & CAST IRON | H17: 18775 | I17: 35 | J17: 657125
A18: 45716 | B18: GST-523 | C18: Debit | D18: Mahavir Steel | E18: Rajkot | F18: 936684 | G18: WASTE & SCRAPE - MS & CAST IRON | H18: 22680 | I18: 35 | J18: 793800
A19: 45716 | B19: GST-524 | C19: Debit | D19: Mahavir Steel | E19: Rajkot | F19: 904883 | G19: WASTE & SCRAPE - MS & CAST IRON | H19: 21910 | I19: 35 | J19: 766850
... A21: 45717 | B21: GST-528 | C21: Debit | D21: Mahavir Steel | E21: Rajkot | F21: 939209 | G21: WASTE & SCRAPE - MS & CAST IRON | H21: 23410 | I21: 34 | J21: 795940
E22: Total | F22: 10309148 | H22: 250285 | J22: 8736565

Sheet FY 24-25 SALES
A1: PRASMI STEEL PRIVATE LIMITED
A2: PLOT NO. 16, REVENUE SURVEY NO. 270,271
A3: VISHAL INDUSTRIAL, KOTDA SANGANI, PIPLANA, RAJKOT,GUJARAT, 360030
A5: Sales Reg. (Product Detail)
A6: From Date 01/04/2024 To 31/03/2025
A7: Bill Date | B7: Bill No | C7: C/D | D7: Party Name | E7: City Name | F7: Bill Amount | G7: Product Name | H7: Product Qty | I7: Rate | J7: Product Amount
A8: 45624 | B8: GST/01/2024-25 | C8: Debit | D8: Asian Technocast | E8: Rajkot | F8: 408870 | G8: WASTE & SCRAPE - MS & CAST IRON (COUNTER WEIGHT) | H8: 9000 | I8: 38.5 | J8: 346500
A9: 45634 | B9: GST/02/2024-25 | C9: Debit | D9: Asian Technocast | E9: Rajkot | F9: 408870 | G9: WASTE & SCRAPE - MS & CAST IRON (COUNTER WEIGHT) | H9: 9000 | I9: 38.5 | J9: 346500
A10: 45680 | B10: GST/03/2024-25 | C10: Debit | D10: Neelam Engineers | E10: Rajkot | F10: 436763 | G10: CAST IRON (COUNTER WEIGHT SCRAP) | H10: 9910 | I10: 37.35 | J10: 370138.5
A11: 45683 | B11: GST/04/2024-25 | C11: Debit | D11: Madhav Enterprise | E11: Rajkot | F11: 227315 | G11: CAST IRON SCRAP (BHOOKKI) | H11: 6020 | I11: 32 | J11: 192640
A12: 45698 | B12: GST/05/2024-25 | C12: Debit | D12: Neelam Engineers | E12: Rajkot | F12: 350513 | G12: CAST IRON (COUNTER WEIGHT SCRAP) | H12: 8050 | I12: 36.9 | J12: 297045
A13: 45715 | B13: GST/06/2024-25 | C13: Debit | D13: Kiason Metal Cast Llp | E13: Rajkot | F13: 385237 | G13: CAST IRON (COUNTER WEIGHT SCRAP) | H13: 8920 | I13: 36.6 | J13: 326472
A14: 45725 | B14: GST/07/2024-25 | C14: Debit | D14: Kiason Metal Cast Llp | E14: Rajkot | F14: 407509 | G14: CAST IRON (COUNTER WEIGHT SCRAP) | H14: 9410 | I14: 36.7 | J14: 345347
E15: Total | F15: 2625077 | H15: 60310 | J15: 2224642.5
